title,company,location,link
Backend Engineer,Sytac IT Consulting,"Amsterdam, Netherlands",https://stackoverflow.com/jobs/524936
Front-end developer PPaaS H/F,Worldline,"Suresnes, France",https://stackoverflow.com/jobs/551281
Backend Developer PPaaS H/F,Worldline,"Paris, France",https://stackoverflow.com/jobs/521806
Software Engineering,"JPMorgan Chase Bank, N.A.","Columbus, OH",https://stackoverflow.com/jobs/551244
Back-End Developer (i.e. GO),Imaginary Cloud,No office location,https://stackoverflow.com/jobs/551199
Senior Front-end Developer (Vue.js),Insider,"Berlin, Germany",https://stackoverflow.com/jobs/551196
Senior Backend Engineer (PHP),Insider,"Berlin, Germany",https://stackoverflow.com/jobs/551195
"Remote Senior Software Engineer, PHP / Symfony",Verys,"Santa Ana, CA",https://stackoverflow.com/jobs/551191
Senior Software Developer,SSENSE,"Toronto, ON, Canada",https://stackoverflow.com/jobs/521748
Senior Software Developer,SSENSE,"Montreal, QC, Canada",https://stackoverflow.com/jobs/521747
Full-Stack Technical Lead,SSENSE,"Montreal, QC, Canada",https://stackoverflow.com/jobs/521742
Frontend Software Developer (f/m/d) for SaaS products,Trusted Shops GmbH,No office location,https://stackoverflow.com/jobs/538370
Full-Stack Technical Lead,SSENSE,"Austin, TX",https://stackoverflow.com/jobs/521737
Wireless Data analytics & Tool development Intern,Apple,"Beijing, China",https://stackoverflow.com/jobs/551154
Full Stack Developer,Apple,"Bengaluru, India",https://stackoverflow.com/jobs/525534
Front End Engineer,Apple,"Cork, Ireland",https://stackoverflow.com/jobs/539456
"AI/ML - Frontend Software Developer, Siri Experience",Apple,"Seattle, WA",https://stackoverflow.com/jobs/551011
Software Developer - Frontend Analytics,RaySearch Laboratories AB (publ),"Stockholm, Sweden",https://stackoverflow.com/jobs/524974
Fullstack Developer (f/m/d),LILLYDOO GmbH,"Frankfurt am Main, Germany",https://stackoverflow.com/jobs/531090
Full Stack Developer Automotive Visualization (m/f/d),Audi Business Innovation GmbH,"München, Deutschland",https://stackoverflow.com/jobs/538335
"Full Stack Developer (GraphQL, VueJS, Laravel) Office or Remote",Limesharp,"London, UK",https://stackoverflow.com/jobs/462636
Mobile APP Developers - Leading Electronics Company,Pyronix,"Doncaster, UK",https://stackoverflow.com/jobs/524940
Senior Frontend Developer React/Angular/Vue,Sytac IT Consulting,"Amsterdam, Netherlands",https://stackoverflow.com/jobs/524937
Senior React Developer,Supermetrics Oy,No office location,https://stackoverflow.com/jobs/551107
Tech Lead Backend Development (m/f/d),"AppLike Group - justDice, adjoe and Sunday","Hamburg, Deutschland",https://stackoverflow.com/jobs/531049
FullStack Software Engineer,"JPMorgan Chase Bank, N.A.","Chicago, IL",https://stackoverflow.com/jobs/551097
(Senior) Software Engineer Frontend (m/w/d),Novatec Consulting GmbH,"Berlin, Germany",https://stackoverflow.com/jobs/531047
Back-End Developer,Jibble,No office location,https://stackoverflow.com/jobs/551106
Front End Developer,Greenhost,"Amsterdam, Netherlands",https://stackoverflow.com/jobs/524919
JAVA FullStack Software Engineering,"JPMorgan Chase Bank, N.A.","Chicago, IL",https://stackoverflow.com/jobs/551099
Senior Front-End Developer,Jibble,No office location,https://stackoverflow.com/jobs/551038
Backend Engineer,Alice,"São Paulo, Brazil",https://stackoverflow.com/jobs/513756
Full Stack Developer (Django + React),Self Decode,No office location,https://stackoverflow.com/jobs/524866
Angular Architect,Modus Create,No office location,https://stackoverflow.com/jobs/538110
*Remote* Teamlead / Lead Engineer Node.js B2B Mobility Platform@ShareNow (m/f/x),"AVANTGARDE - ""Creating Fans""",No office location,https://stackoverflow.com/jobs/538107
Senior Frontend Developer,WirelessCar,"Göteborg, Sweden",https://stackoverflow.com/jobs/521149
Desarrollador/a de software C #,Hahn Softwareentwicklung,"Maxhütte-Haidhof, Deutschland",https://stackoverflow.com/jobs/499656
"Backend Developer - JavaScript/Typescript (m/w/d) in Bonn, Berlin oder Köln",tarent solutions GmbH,"Bonn, Deutschland",https://stackoverflow.com/jobs/538095
Softwareentwickler (m/w/d) Web Frontend - Remote oder vor Ort,dsb ebusiness,"Frankfurt am Main, Deutschland",https://stackoverflow.com/jobs/521137
Hackers wanted - Software Engineers & Machine Learning Expert (m/f/d),freiheit.com technologies,"Hamburg, Deutschland",https://stackoverflow.com/jobs/165266
Hackers wanted - Software Engineer & Machine Learning Expert (m/f/d),freiheit.com technologies,"Lissabon, Portugal",https://stackoverflow.com/jobs/254089
Remote Software Developer - Pricing,O'Reilly Auto Parts,No office location,https://stackoverflow.com/jobs/544683
Senior Software Engineer,uShip,"Austin, TX",https://stackoverflow.com/jobs/537938
Javascript Fullstack Developer,Centogene GmbH,"Belgrade, Serbia",https://stackoverflow.com/jobs/544644
Frontend Engineer,aklamio,"Berlin, Germany",https://stackoverflow.com/jobs/544667
Testautomatisierer (m/w/d),Computer FuturesviaComputer Futures Solutions GmbH,"Hamburg, Germany",https://stackoverflow.com/jobs/524714
Web-Developer  (m/f/d),Natif.ai GmbH,"Saarbrücken, Deutschland",https://stackoverflow.com/jobs/528278
Software Developer / Product Owner,Knowit,"Gothenburg, Sweden",https://stackoverflow.com/jobs/473444
Senior / Lead Frontend Developer (m/w/x),Ray Sono AG,"München, Deutschland",https://stackoverflow.com/jobs/544639
Senior / Lead Java Developer (m/w/x),Ray Sono AG,"München, Deutschland",https://stackoverflow.com/jobs/544638
Software Engineering,"JPMorgan Chase Bank, N.A.","Columbus, OH",https://stackoverflow.com/jobs/550772
"Remote Polyglot Software Engineer – TDD, XP, JavaScript",Pragmateam,No office location,https://stackoverflow.com/jobs/523004
Experienced Software Engineer,Outschool,No office location,https://stackoverflow.com/jobs/550915
Full Stack Software Engineer,Zearn,"New York, NY",https://stackoverflow.com/jobs/550912
Senior WordPress Developer,Curotec,No office location,https://stackoverflow.com/jobs/550906
Java Fullstack Entwickler (w/m/d) - bundesweit & Homeoffice,objective partner AG,"Weinheim, Deutschland",https://stackoverflow.com/jobs/550879
Full Stack Developer:in Web-Applikation (m/w/d),Haufe Group,"Freiburg im Breisgau, Germany",https://stackoverflow.com/jobs/550872
Senior Software Engineer / Developer Java (f/m/d) | on-site or remote,Best Secret GmbH,"München, Deutschland",https://stackoverflow.com/jobs/544518
Domain-Driven Engineer - Java (m/f/d),ProSiebenSat.1 Media SE,"München, Deutschland",https://stackoverflow.com/jobs/537617
Senior Front End Engineer (React),Modus Create,No office location,https://stackoverflow.com/jobs/530662
Software Engineer/ Senior Software Engineer - JavaScript Developer,FactSet,"Hyderabad, India",https://stackoverflow.com/jobs/506362
Full Stack Developer (m/w/d),CAS AG,"Hamburg, Deutschland",https://stackoverflow.com/jobs/524589
Engineering Manager - CWM Tools,Supermetrics Oy,No office location,https://stackoverflow.com/jobs/537605
Lead Developer Ruby on Rails (m/f/div),PAIR Finance GmbH,"Berlin, Deutschland",https://stackoverflow.com/jobs/303965
Medium-level/Senior Frontend Developer,memoQ,"Budapest, Hungary",https://stackoverflow.com/jobs/524487
Frontend Developer (m/w/d),RheinEnergie AG,"Köln, Deutschland",https://stackoverflow.com/jobs/506045
Senior Frontend Developer,Scripbox,"Bengaluru, India",https://stackoverflow.com/jobs/190175
Senior Software Engineer - React Native,uShip,"Austin, TX",https://stackoverflow.com/jobs/550764
JavaScript/Vue.js Developer - EdTech player oferring high-quality online courses,Pentalog,No office location,https://stackoverflow.com/jobs/530839
Front-End Developer (React.js) - Platform mananging branded products (Remote),Pentalog,No office location,https://stackoverflow.com/jobs/530836
Full stack developer,Online Partner AB,"Hägersten, Sweden",https://stackoverflow.com/jobs/339146
Senior Javascript Engineer,livingdocs,"Zürich, Switzerland",https://stackoverflow.com/jobs/544121
Vue.js Entwickler,Computer FuturesviaComputer Futures Solutions GmbH,No office location,https://stackoverflow.com/jobs/524475
Software- und KI-Entwickler (m/w/d),Anstalt für Kommunale Datenverarbeitung in Bayern (AKDB),"Munich, Germany",https://stackoverflow.com/jobs/544032
Senior Frontend Engineer (React + Typescript),Bigblue,"Paris, France",https://stackoverflow.com/jobs/505291
"Lead Polyglot Software Engineers – TDD, XP, JavaScript",Pragmateam,"Sydney, Australia",https://stackoverflow.com/jobs/519292
"Software Engineer, Full-Stack",Navarino,"Pireas, Greece",https://stackoverflow.com/jobs/550696
Senior Front End / React Engineer (100% remote ),Whitespectre,No office location,https://stackoverflow.com/jobs/550695
Senior Software Engineer,ZAIKO K.K.,"Minato City, Japan",https://stackoverflow.com/jobs/524414
Junior JavaScript developer,SofteqviaInvest Lithuania,"Vilnius, Lithuania",https://stackoverflow.com/jobs/543978
Experienced Ruby Developer,SimplePay,No office location,https://stackoverflow.com/jobs/516780
Lead C# Full Stack Engineer - cxLoyalty,"JPMorgan Chase Bank, N.A.","Plano, TX",https://stackoverflow.com/jobs/550680
Digital-Senior Software/Lead Engineer-System Infra,FactSet,"Hyderabad, India",https://stackoverflow.com/jobs/461321
Ruby on Rails Engineer - Leading SaaS Provider of Casting & Audition Management,Casting NetworksviaSource Coders,No office location,https://stackoverflow.com/jobs/550625
Full-Stack (Ruby on Rails and Javascript) Person Who Can Write Code,"Dorsata, Inc.",No office location,https://stackoverflow.com/jobs/312462
Staff Software Engineer - Front End -R12641,"Chewy, Inc.","Bellevue, WA",https://stackoverflow.com/jobs/550618
Senior Java Developer,Worldline,"Stockholm, Sweden",https://stackoverflow.com/jobs/504950
Full Stack Web Developer,Bloomreach,"Amsterdam, Netherlands",https://stackoverflow.com/jobs/487279
Technical Lead (Vue.js),Coda Payments,"Mumbai, India",https://stackoverflow.com/jobs/550601
Javascript Developer (React.js/Node.js),Imaginary Cloud,No office location,https://stackoverflow.com/jobs/550583
DevOps Cloud Engineer m/w/d,MARC O'POLO International GmbH,"Stephanskirchen, Deutschland",https://stackoverflow.com/jobs/519984
Developer Frontend/ Backend/ Fullstack m/w/d,MARC O'POLO International GmbH,"Stephanskirchen, Deutschland",https://stackoverflow.com/jobs/519513
Fullstack Developer (m/w/d),best it GmbH & Co. KG,"Berlin, Deutschland",https://stackoverflow.com/jobs/368833
Web-Frontend-Entwickler (D/M/W),PRADTKE GMBH,"Bochum, Deutschland",https://stackoverflow.com/jobs/527865
Senior Front End Engineer,"JPMorgan Chase Bank, N.A.","Chicago, IL",https://stackoverflow.com/jobs/550494
"Senior frontend developer - Design accessible, user centred services for all!",UK Home Office,"Croydon, UK",https://stackoverflow.com/jobs/517399
Software Engineer - Full Stack (Mid-Senior),Olo,No office location,https://stackoverflow.com/jobs/448572
Software Engineer- Android,Stable Kernel,"Atlanta, GA",https://stackoverflow.com/jobs/527851
Fullstack Web Developer,METECS,"Houston, TX",https://stackoverflow.com/jobs/550430
Desenvolvedor(a) Full Stack,Globo,"Rio de Janeiro, Brazil",https://stackoverflow.com/jobs/519618
Full Stack Engineer (Application Engineer),Rakuten,"Setagaya City, Japan",https://stackoverflow.com/jobs/527726
FRONTEND React JS Lead/Senior Developers; 3 Day Weekend; Distributed Team,Laminar,No office location,https://stackoverflow.com/jobs/500256
Senior Software Engineer (m/w/d) Python,Cornelsen Verlag GmbH,"Berlin, Deutschland",https://stackoverflow.com/jobs/537066
Open Source Software Engineer,"ProgressiveviaProgressive, ein Geschäftszweig der SThree GmbH",No office location,https://stackoverflow.com/jobs/504205
(Senior) Backend Engineer (all genders),Goodgame Studios,"Hamburg, Deutschland",https://stackoverflow.com/jobs/526047
CDI - Back-End Developper - Rennes,Steeple,"Rennes, France",https://stackoverflow.com/jobs/530505
Frontend Engineer 80-100% (f/m/d),tutti.ch,"Berlin, Germany",https://stackoverflow.com/jobs/550413
Développeur Fullstack JAVA / Javascript (H/F),La Combe du Lion Vert,"Paris, France",https://stackoverflow.com/jobs/504197
"Full Stack Developer (PHP, React, Node.js)",viaLibri,"Cambridge, UK",https://stackoverflow.com/jobs/550395
Senior JavaScript Engineer for our ecommerce storefront  (f/m/d),ePages GmbH,"Hamburg, Germany",https://stackoverflow.com/jobs/123431
"Front End Engineer (ReactJS, Typescript)",Modus Create,No office location,https://stackoverflow.com/jobs/550393
Web developer,Intel Corporation,"Moscow, Russia",https://stackoverflow.com/jobs/530450
Software Architekt Java / Product Owner (m/w/d),CONET Communications GmbH,"Hennef (Sieg), Deutschland",https://stackoverflow.com/jobs/550382
Junior Frontend Web Developer,Network Guard,Hong Kong,https://stackoverflow.com/jobs/527724
Lead / Senior Frontend Web Developer,Network Guard,Singapore,https://stackoverflow.com/jobs/527720
Senior Full Stack Engineer,Capital Group,"Los Angeles, CA",https://stackoverflow.com/jobs/538624
Senior Frontend Engineer - Databento (Fully Remote),Unusual Ventures,No office location,https://stackoverflow.com/jobs/524277
Mid/Senior Level JavaScript FullStack Engineer,Namaste Technologies,No office location,https://stackoverflow.com/jobs/550276
Join the Crew – Ambitious Full Stack Software Engineer (all genders),Spaceteams GmbH,"Hamburg, Germany",https://stackoverflow.com/jobs/521784
Database Engineer,SiteZeus,No office location,https://stackoverflow.com/jobs/550268
Senior Full Stack Developer,AutoRek,"Edinburgh, UK",https://stackoverflow.com/jobs/520638
PHP (FullStack) Entwickler (m/w/d) 100% Remote,Computer FuturesviaComputer Futures Solutions GmbH,"Dortmund, Germany",https://stackoverflow.com/jobs/524216
Join a rapid-growth startup- Full-stack Developer with Node.js & Vue.js (Mexico),Pentalog,"Guadalajara, Mexico",https://stackoverflow.com/jobs/536809
Senior Full Stack Laravel & Vue.js,Worksome ApS,"København, Denmark",https://stackoverflow.com/jobs/503422
Vue.js Frontend Developer,Meant4 Software,No office location,https://stackoverflow.com/jobs/550210
Software Engineer - C# .NET,"JPMorgan Chase Bank, N.A.","Jersey City, NJ",https://stackoverflow.com/jobs/549996
Software Engineer - Frontend,ZALORA,"Ho Chi Minh City, Vietnam",https://stackoverflow.com/jobs/536783
Back-End Developer (i.e. Python),Imaginary Cloud,No office location,https://stackoverflow.com/jobs/550208
Remote: Contract Senior Frontend Engineer,The Sensible Code Company,"Belfast, UK",https://stackoverflow.com/jobs/530338
Senior Ruby on Rails Developer - Solve interesting problems from home!,Ascent,No office location,https://stackoverflow.com/jobs/503122
React Software Engineer,Wizeline,"Phường 12 (Quận 10), Vietnam",https://stackoverflow.com/jobs/550187
"React/Vue Engineer, Digital Consumer Products, fully remote",Superformula,No office location,https://stackoverflow.com/jobs/461414
Java-Softwareentwickler (w/m/d),parcIT GmbH,"Köln, Deutschland",https://stackoverflow.com/jobs/524114
(Senior) Frontend Developer (m/w/d),asgoodasnew electronics GmbH,"Berlin, Deutschland",https://stackoverflow.com/jobs/536573
Senior React Developer,Supermetrics Oy,"Helsinki, Finland",https://stackoverflow.com/jobs/524132
"(Senior) Backend Developer (m/w/d), Köln oder Gütersloh",Schüttflix GmbH,"Köln, Deutschland",https://stackoverflow.com/jobs/530252
Backend Engineer 80-100% (f/m/d),Homegate,"Berlin, Germany",https://stackoverflow.com/jobs/543690
Senior Python/Django Full-stack Developer,Apicbase Belgium,No office location,https://stackoverflow.com/jobs/515716
Fullstack Engineer 80-100% (f/m/d),Homegate,"Berlin, Germany",https://stackoverflow.com/jobs/543686
SalesForce Backend Engineer,BESTSELLER Tech,"Amsterdam, Netherlands",https://stackoverflow.com/jobs/543681
Agile Software Entwickler / Developer PHP (m/w/d),CTS EVENTIM AG & Co. KG aA,"Bremen, Deutschland",https://stackoverflow.com/jobs/530240
Frontend Entwickler (m/w/d),MT AG - enabling the adaptive enterprise,"Ratingen, Deutschland",https://stackoverflow.com/jobs/518379
Atlassian Consultant,Modus Create,No office location,https://stackoverflow.com/jobs/536308
Full Stack Developer (m/w/d),"Sthree GmbHviaProgressive, ein Geschäftszweig der SThree GmbH","Dortmund, Deutschland",https://stackoverflow.com/jobs/524038
Frontend Entwickler (w/m/d),brandung GmbH & Co. KG,"Köln, Deutschland",https://stackoverflow.com/jobs/252522
E-commerce und Plugin / Theme Entwickler (m/w/d),SOLIT Management GmbH,"Wiesbaden, Deutschland",https://stackoverflow.com/jobs/518171
Front-End Engineer,Mixam,"Watford, UK",https://stackoverflow.com/jobs/523992
Full-Stack Developer,FlexEarn,"London, UK",https://stackoverflow.com/jobs/485775
Front-end Flutter Engineer (Accounts Team),funda,"Amsterdam, Netherlands",https://stackoverflow.com/jobs/543552
Senior Fullstack Developer (f/m/x),kreuzwerker,"Berlin, Germany",https://stackoverflow.com/jobs/518073
UI Software Engineer,"JPMorgan Chase Bank, N.A.","Jersey City, NJ",https://stackoverflow.com/jobs/549456
Frontend Developer (Vue.js),The Motley Fool Inc,No office location,https://stackoverflow.com/jobs/536121
Data Science and Analytics Engineer,MITRE,"McLean, VA",https://stackoverflow.com/jobs/523959
Experienced Front End Engineer,AE nv/sa,"Leuven, Belgium",https://stackoverflow.com/jobs/523553
Front end Data Visualisation Engineer,Neo4j,"London, UK",https://stackoverflow.com/jobs/501802
Developer Advocate,"Zeplin, Inc","San Francisco, CA",https://stackoverflow.com/jobs/549154
Senior Software Engineer - Biotech startup helping dogs!,Embark Veterinary Inc.,"Boston, MA",https://stackoverflow.com/jobs/501211
Head of Product Engineering,Supermetrics Oy,"Helsinki, Finland",https://stackoverflow.com/jobs/549928
Senior Software Engineer / Developer Java for Marketplace (f/m/d) | on-site or r,Best Secret GmbH,"Aschheim, Deutschland",https://stackoverflow.com/jobs/549910
Lead Frontend Developer (m/f/d) - onsite or remote within the EU,ABOUT YOU GmbH & Co. KG,"Hamburg, Deutschland",https://stackoverflow.com/jobs/396067
Lead Software Engineer Java (f/m/d) | on-site or remote,Best Secret GmbH,"Aschheim, Deutschland",https://stackoverflow.com/jobs/549904
Backend Software Engineer - Python,Hubs,"Amsterdam, Netherlands",https://stackoverflow.com/jobs/543394
Full Stack Software Engineer,iKhokha,"Umhlanga, South Africa",https://stackoverflow.com/jobs/302216
Senior Project Developer JavaScript,FactSet,No office location,https://stackoverflow.com/jobs/549670
JavaScript UI Software Engineer,"JPMorgan Chase Bank, N.A.","Columbus, OH",https://stackoverflow.com/jobs/549650
Front End Software Engineer (602),"JPMorgan Chase Bank, N.A.","Plano, TX",https://stackoverflow.com/jobs/549618
Senior Full-Stack Developer,Lastmile Retail,No office location,https://stackoverflow.com/jobs/523843
Technical Product Manager,MUFG,"Charlotte, NC",https://stackoverflow.com/jobs/530188
Senior Full Stack Engineer,Takeaway.com,"London, UK",https://stackoverflow.com/jobs/549101
PHP Entwickler (Backend oder Full Stack)(m/w/d),WunschGutschein,"Düsseldorf, Deutschland",https://stackoverflow.com/jobs/365530
Haskell Software Engineer,e-bot7 GmbH,"Munich, Germany",https://stackoverflow.com/jobs/549087
Frontend Engineer 80-100% (f/m/d),Homegate,"Berlin, Germany",https://stackoverflow.com/jobs/543689
Softwareentwickler (m/w/d) Smart Building,Goldbeck GmbH,"Bielefeld, Deutschland",https://stackoverflow.com/jobs/549079
Software Developer Vue.js (m/f/d),shopware AG,"Schöppingen, Deutschland",https://stackoverflow.com/jobs/549078
Java/Spring Fullstack Engineer,"JPMorgan Chase Bank, N.A.","Jersey City, NJ",https://stackoverflow.com/jobs/548944
Solutions Lead & Web Architect (Microsoft Stack) - Remote,BlueModus,No office location,https://stackoverflow.com/jobs/548621
Frontend Engineer,Penn Interactive Ventures,No office location,https://stackoverflow.com/jobs/548905
Full Stack Web Developer (m/w/d),EyeC GmbH,"Hamburg, Deutschland",https://stackoverflow.com/jobs/408137
Frontend Web Developer (m/w/d),EyeC GmbH,"Hamburg, Deutschland",https://stackoverflow.com/jobs/408135
Lead Front End Engineer,The LEGO Group,"Billund, Denmark",https://stackoverflow.com/jobs/527013
Hackers wanted - UI/UX Engineer (m/f/d),freiheit.com technologies,"Hamburg, Deutschland",https://stackoverflow.com/jobs/91520
Fullstack Developer,funda,"Amsterdam, Netherlands",https://stackoverflow.com/jobs/517353
Frontend-Entwickler (m/w/d),Heise Knowledge GmbH,"Hannover, Deutschland",https://stackoverflow.com/jobs/542162
Senior Front End developer,Apicbase Belgium,No office location,https://stackoverflow.com/jobs/526988
Full Stack Developer (Python),Bromium UK Limited,"Cambridge, UK",https://stackoverflow.com/jobs/548767
Senior Developer .NET,Lobster Ink Technologies,"Amsterdam, Netherlands",https://stackoverflow.com/jobs/542128
Azure Full Stack Developer,Innofactor Oyj,"Espoo, Finland",https://stackoverflow.com/jobs/517279
Senior Frontend Engineer,Singapore Innovate Pte. Ltd,Singapore,https://stackoverflow.com/jobs/529920
Technical Lead/Developer (Microsoft Stack) - Remote,BlueModus,No office location,https://stackoverflow.com/jobs/548622
Senior Full-Stack Engineer with Node.js - Tradeshift Go,Tradeshift,"Bucharest, Romania",https://stackoverflow.com/jobs/526924
Senior Fullstack Developer with strong Front End capabilities,Mimecast,"Torun, Poland",https://stackoverflow.com/jobs/529874
Frontend Developer für stark wachsende Employee-App,Flip GmbH,"Stuttgart, Deutschland",https://stackoverflow.com/jobs/516929
Senior UI Developer interested in collaborative hardware development,Wikifactory,No office location,https://stackoverflow.com/jobs/448569
Senior Full-stack Web Developer,F-Secure,"Basingstoke, UK",https://stackoverflow.com/jobs/535566
Experienced Frontend Web Engineer,Scoville,"Shibuya City, Japan",https://stackoverflow.com/jobs/513039
Fullstack Applications Developer (Always Remote),Fresh Technology,No office location,https://stackoverflow.com/jobs/547949
Software Engineering Manager - Take Our Dev Team to the Next Level,Digital Masterplanning,No office location,https://stackoverflow.com/jobs/546742
Softwareentwickler (w/m/d) High Power Charger,Siemens AG,"Leipzig, Germany",https://stackoverflow.com/jobs/531998
Java Software Engineer,HICX,"Lima, Peru",https://stackoverflow.com/jobs/548585
Full-Stack Web Developer (m/w/d) Remote,asgoodasnew electronics GmbH,"Berlin, Deutschland",https://stackoverflow.com/jobs/529765
Software Engineering,"JPMorgan Chase Bank, N.A.","Plano, TX",https://stackoverflow.com/jobs/548372
"Senior frontend-utvecklare (valfritt ramverk) till Cygni, part of Accenture","Cygni, part of Accenture","Stockholm, Sweden",https://stackoverflow.com/jobs/447407
"Senior fullstackutvecklare till Cygni, part of Accenture","Cygni, part of Accenture","Stockholm, Sweden",https://stackoverflow.com/jobs/447405
Frontend Developer (w/m/d),MASSIVE ART WebServices GmbH,"Wien, Österreich",https://stackoverflow.com/jobs/529757
Software Engineer - Frontend,adidas Zaragoza Tech Hub,"Zaragoza, Spain",https://stackoverflow.com/jobs/500197
Full Stack Developer with an interest in FinTech,Isabel Group,"Leuven, Belgium",https://stackoverflow.com/jobs/535497
Full Stack Developer - Node.js,zooplus AG,"Madrid, Spain",https://stackoverflow.com/jobs/529745
Senior Full Stack Software Engineer,Samotics,"Leiden, Netherlands",https://stackoverflow.com/jobs/516831
Software Engineer – Cloud Solutions,"Emerson, Sweden","Mölnlycke, Sweden",https://stackoverflow.com/jobs/529731
Software Architect / Code Reviewer / Mentor - Part-time,Arcanys,No office location,https://stackoverflow.com/jobs/485542
Senior Web UI Engineer (Contract),Demand.io,"Los Angeles, CA",https://stackoverflow.com/jobs/523582
product software engineer,AE nv/sa,"Leuven, Belgium",https://stackoverflow.com/jobs/523550
Go Developer,Pensionera Förmedling i Sverige AB,"Stockholm, Sweden",https://stackoverflow.com/jobs/535317
Front-end Developer,Jumbo Supermarkets,"Veghel, Netherlands",https://stackoverflow.com/jobs/535306
Software Architect Storefront (m/f/d),shopware AG,No office location,https://stackoverflow.com/jobs/548439
Back-End Developer (i.e. Node.js),Imaginary Cloud,No office location,https://stackoverflow.com/jobs/548437
Frontend Developer (m/w/d) - Experience Design & Mobile,Deloitte Deutschland,"Düsseldorf, Deutschland",https://stackoverflow.com/jobs/535281
Frontend Engineer – Vue.js,SpotMe,No office location,https://stackoverflow.com/jobs/535271
Développeur Crafteur JAVA (H/F),La Combe du Lion Vert,"Paris, France",https://stackoverflow.com/jobs/499582
フロントエンドエンジニア,HENNGE K.K.,"Tokyo, Japan",https://stackoverflow.com/jobs/381284
Front-End Software Engineer,HENNGE K.K.,"Tokyo, Japan",https://stackoverflow.com/jobs/381280
Bioinformatician/Software Developer,Centogene GmbH,"Berlin, Germany",https://stackoverflow.com/jobs/535245
Bioinformatician/Software Developer,Centogene GmbH,"Beograd, Serbia",https://stackoverflow.com/jobs/535243
"Front End Engineer (JavaScript, D3, VueJS)",Modus Create,No office location,https://stackoverflow.com/jobs/548411
Full Stack Technical Lead,SSENSE,"Toronto, ON, Canada",https://stackoverflow.com/jobs/516156
Senior Full-Stack PHP Developer,GeoPhy B.V.,"Den Haag, Netherlands",https://stackoverflow.com/jobs/523421
Senior PHP Software Developer,Takeaway.com,"Sofia, Bulgaria",https://stackoverflow.com/jobs/523480
"Senior Engineer (Backend, Frontend or Mobile) at Juit",Oetker Digital GmbH,"Berlin, Germany",https://stackoverflow.com/jobs/541681
Cloud Solution Architect,Frauscher Sensor Technology,"Vienna, Austria",https://stackoverflow.com/jobs/529576
LMAX Software Developer (Core Java),LMAX Group,"London, UK",https://stackoverflow.com/jobs/181651
Fullstack Engineer (VueJS und Golang),Paessler AG,No office location,https://stackoverflow.com/jobs/539998
Software Developer (remote or onsite),Aptera Software,"Fort Wayne, IN",https://stackoverflow.com/jobs/455016
Fullstack Software Engineer (Java) - Hong Kong,Zuhlke Engineering Hongkong,Hong Kong,https://stackoverflow.com/jobs/454966
Software Developer Fullstack (gn),Handelsblatt GmbH,"Düsseldorf, Deutschland",https://stackoverflow.com/jobs/541661
Développeur Angular / Java,Digital4Better,"Paris, France",https://stackoverflow.com/jobs/515925
*REMOTE* Senior Kotlin (Java) Backend Engineer (m/w/d) TVNOW Streaming Plattform,"AVANTGARDE - ""Creating Fans""",No office location,https://stackoverflow.com/jobs/468935
"Frontend Software Engineer, Customer Service Platform",ByteDance,Singapore,https://stackoverflow.com/jobs/541573
Front-end Developer,HOTMART,"Belo Horizonte, Brazil",https://stackoverflow.com/jobs/526776
Seeking a Digital da Vinci Hellbent on UX Perfection,Ringba,No office location,https://stackoverflow.com/jobs/541520
Software Engineer (Full Stack),Parenthetic,No office location,https://stackoverflow.com/jobs/527828
Frontend Entwickler (m/w/d),webbrand GmbH,No office location,https://stackoverflow.com/jobs/541508
Web Developer,Domino's Pizza,No office location,https://stackoverflow.com/jobs/541500
Engineering Manager (m/f/d) - Web Development,e-bot7 GmbH,"Munich, Germany",https://stackoverflow.com/jobs/541494
Fullstack Web-Entwickler PHP/React (m/w/d) für E-Commerce Agentur aus Bremen,hmmh multimediahaus AG,No office location,https://stackoverflow.com/jobs/526714
Technical Lead PWA (m/f/d),shopware AG,No office location,https://stackoverflow.com/jobs/541482
Senior Front End Developer,Cloudwise B.V.,"Woerden, Netherlands",https://stackoverflow.com/jobs/541477
Fullstack Professional with PHP/Symfony 4 & vue.js experience,roadsurfer GmbH,"München, Deutschland",https://stackoverflow.com/jobs/497587
Senior Backend Developer PHP (m/f/d),internetstores GmbH,"Stuttgart, Deutschland",https://stackoverflow.com/jobs/541292
Senior Java fejlesztő,UNIQA Raiffeisen Software Service Kft.,"Budapest, Ungarn",https://stackoverflow.com/jobs/515490
Web Developer (m/f/d),Ravensburger AG,"Seattle, WA, USA",https://stackoverflow.com/jobs/497853
Backend Software Engineer - SDVI Rally Core,SDVI,No office location,https://stackoverflow.com/jobs/451625
Software Engineer - Hypergrowth Biotech startup helping dogs!,Embark Veterinary Inc.,"Boston, MA",https://stackoverflow.com/jobs/526658
Lead Software Engineer - Hypergrowth Biotech startup helping dogs!,Embark Veterinary Inc.,"Boston, MA",https://stackoverflow.com/jobs/510445
Senior Backend Engineer,"Metova, Inc.",No office location,https://stackoverflow.com/jobs/548139
"Front-End Developer (HTML, CSS, Vue.js, Animation)",Limesharp,No office location,https://stackoverflow.com/jobs/132347
Cyber Security Architect (AWS),Modus Create,No office location,https://stackoverflow.com/jobs/541305
Senior Software Engineer,SimpleNexus LLC,No office location,https://stackoverflow.com/jobs/523125
Senior Frontend Developer (m/f/d) - onsite or remote within the EU,ABOUT YOU GmbH & Co. KG,"Hamburg, Deutschland",https://stackoverflow.com/jobs/548070
Flutter Developer,Pensionera Förmedling i Sverige AB,"Stockholm, Sweden",https://stackoverflow.com/jobs/548068
Quality Assurance Engineer (m/f/d) - onsite or remote within the EU,ABOUT YOU GmbH & Co. KG,"Hamburg, Deutschland",https://stackoverflow.com/jobs/548067
(Senior) Frontend Developer,EXXETA AG,"München, Deutschland",https://stackoverflow.com/jobs/534485
Frontend Developer m/w/d,MARC O'POLO International GmbH,"Stephanskirchen, Deutschland",https://stackoverflow.com/jobs/534473
Senior Full-stack Web Developer,F-Secure,"Poznań, Poland",https://stackoverflow.com/jobs/526479
Application Manager PHP,FactSet,"Frankfurt am Main, Germany",https://stackoverflow.com/jobs/526471
Vue.js Developer (Remote),X-Team,No office location,https://stackoverflow.com/jobs/534462
(Senior) Software Engineer Fullstack (w/m/d),tresmo GmbH,"Augsburg, Deutschland",https://stackoverflow.com/jobs/534459
Backend developer to build robust systems with Kotlin,Shape A/S,"København, Denmark",https://stackoverflow.com/jobs/370009
Full Stack Engineer,SimpleNexus LLC,No office location,https://stackoverflow.com/jobs/523006
Senior Software Engineer,Beast Code,"Fort Walton Beach, FL",https://stackoverflow.com/jobs/541115
Senior Frontend Engineer (Remote),Nebulab,No office location,https://stackoverflow.com/jobs/541099
Senior Software Engineer,Zearn,"New York, NY",https://stackoverflow.com/jobs/547917
Java Developer (m/w/d),Haufe Group,"Hanover, Germany",https://stackoverflow.com/jobs/547912
ARCHITECTE SI (F/H),Octo Technology,"Paris, France",https://stackoverflow.com/jobs/445451
TECH LEAD (F/H),Octo Technology,"Paris, France",https://stackoverflow.com/jobs/445447
Support Engineer,SDVI,No office location,https://stackoverflow.com/jobs/492303
Software Engineer / Developer (Full-Stack),ZEISS Group,"Clovelly Park, Australia",https://stackoverflow.com/jobs/529304
Software Engineer - SDVI DevOps,SDVI,No office location,https://stackoverflow.com/jobs/451626
Software Development Engineer in Test,SDVI,No office location,https://stackoverflow.com/jobs/219487
PHP Developer,Slido,No office location,https://stackoverflow.com/jobs/547889
Full Stack Software Engineer,Applied,No office location,https://stackoverflow.com/jobs/547883
Full Stack Support Engineer (f/m/d),Receeve GmbH,"Hamburg, Deutschland",https://stackoverflow.com/jobs/541075
Front-End Developer (i.e. Angular.js),Imaginary Cloud,No office location,https://stackoverflow.com/jobs/547857
(Senior) Frontend Engineer (m/f/d),Lendico Deutschland GmbH,"Berlin, Deutschland",https://stackoverflow.com/jobs/526326
Software Entwickler PHP e-Commerce (f/m/d),silver.solutions GmbH,"Berlin, Deutschland",https://stackoverflow.com/jobs/547850
Web Developer (m/w/d),freeyou AG,"Köln, Deutschland",https://stackoverflow.com/jobs/547846
Technical Lead - Talent Intelligence System,Singapore Innovate Pte. Ltd,Singapore,https://stackoverflow.com/jobs/529306
C#.Net Software Engineer - cxLoyalty,"JPMorgan Chase Bank, N.A.","Plano, TX",https://stackoverflow.com/jobs/547823
Software Developer,Green Street,"Newport Beach, CA",https://stackoverflow.com/jobs/546746
Senior Salesforce Developer,California Society of CPA's,No office location,https://stackoverflow.com/jobs/529271
"Senior Software Engineer, (Javascript/Typescript, React/Redux,Node)",Even Financial,"New York, NY",https://stackoverflow.com/jobs/546723
"Back End Engineer (Node, AWS)",Modus Create,No office location,https://stackoverflow.com/jobs/546740
Principal Software Engineer (Python/APIs),Belvo Technologies,No office location,https://stackoverflow.com/jobs/546720
Development Manager / Principal Developer,SilverDoor,"London, UK",https://stackoverflow.com/jobs/526195
Full-Stack-Entwickler in der Multimedia-Redaktion (m/w/d),Frankfurter Allgemeine Zeitung GmbH (F.A.Z.),"Frankfurt am Main, Deutschland",https://stackoverflow.com/jobs/546692
Full Stack Developer Mobile Gaming (m/w/d),Lotum GmbH,"Bad Nauheim, Deutschland",https://stackoverflow.com/jobs/372990
Senior Web/Mobile Developer (m/w/d),Lotum GmbH,"Frankfurt am Main, Deutschland",https://stackoverflow.com/jobs/372988
Full Stack Mobile Developer (Flutter) (w/m/d),Lotum GmbH,"Frankfurt am Main, Deutschland",https://stackoverflow.com/jobs/526742
Lead (Senior) Developer Security Compliance Automation Services (f/m/d),SAP,"Walldorf, Germany",https://stackoverflow.com/jobs/546684
Web Frontend Developer with an eye for professional user experience (m/f/d),Ergosign,"Saarbrücken, Deutschland",https://stackoverflow.com/jobs/456766
DevOps Engineer,Sytac IT Consulting,"Haarlem, Netherlands",https://stackoverflow.com/jobs/534200
Python Developer,Sytac IT Consulting,"Haarlem, Netherlands",https://stackoverflow.com/jobs/534018
Senior Frontend Engineer | Angular or React | Barcelona,Dynatrace,"Barcelona, Spain",https://stackoverflow.com/jobs/546676
Lead Front-end Engineer (Vue.js - UK/EU Remote),Virtuoso,"London, UK",https://stackoverflow.com/jobs/540732
Frontend-Entwickler (m/w/d),Meierhofer AG,"München, Deutschland",https://stackoverflow.com/jobs/372319
"Senior Software Engineer, UI- Pet Health- R8094","Chewy, Inc.","Minneapolis, MN",https://stackoverflow.com/jobs/513973
"Senior Software Engineer, UI - Pet Health-R8094","Chewy, Inc.","Boston, MA",https://stackoverflow.com/jobs/513971
Senior Javascript Engineer,"Jack Henry & Associates, Inc.®",No office location,https://stackoverflow.com/jobs/546563
Frontend Developer Squla,Futurewhiz,"Amsterdam, Netherlands",https://stackoverflow.com/jobs/529180
Full Stack/PHP Engineer,Domo,"Bristol, UK",https://stackoverflow.com/jobs/533787
Solution Architect - Prototyping (m/w/d) Tax & Legal Garage,Deloitte Deutschland,"Düsseldorf, Deutschland",https://stackoverflow.com/jobs/534020
Senior Full Stack Engineer - Cyber Security,Myra Security GmbH,"München, Deutschland",https://stackoverflow.com/jobs/466848
Software Development Architect/Lead Developer (gn) Java,SoftwareONE Deutschland GmbH,"Leipzig, Germany",https://stackoverflow.com/jobs/526082
Software Development Architect (gn) C# / .NET,SoftwareONE Deutschland GmbH,"Leipzig, Germany",https://stackoverflow.com/jobs/526080
Software Developer (gn) Java,SoftwareONE Deutschland GmbH,"Leipzig, Germany",https://stackoverflow.com/jobs/526079
Software Developer (gn) C# / .NET,SoftwareONE Deutschland GmbH,"Leipzig, Germany",https://stackoverflow.com/jobs/526078
Frontend Engineer (Messaging team),Adevinta,"Barcelona, Spain",https://stackoverflow.com/jobs/546443
Softwareentwickler Frontend (w/m/d) Karlsruhe/Bielefeld,STARFACE GmbH,"Karlsruhe, Deutschland",https://stackoverflow.com/jobs/546434
Fullstack Developer (m/w/d),OBI Group Holding SE & Co. KGaA,"Köln, Deutschland",https://stackoverflow.com/jobs/533992
Frontend Developer (m/w/d),OBI Group Holding SE & Co. KGaA,"Köln, Deutschland",https://stackoverflow.com/jobs/533991
Frontend developer (NextJS/React) with a passion for open source,5 Monkeys Agency ABvia5 Monkeys Agency AB,"Stockholm, Sweden",https://stackoverflow.com/jobs/546430
Software Engineer,UpMetrics,No office location,https://stackoverflow.com/jobs/496289
Full Stack Engineer,Capital Group,"Seattle, WA",https://stackoverflow.com/jobs/538623
Senior Software Development Engineer,Capital Group,"Seattle, WA",https://stackoverflow.com/jobs/538622
Senior Software Engineer,NowPow,"Chicago, IL",https://stackoverflow.com/jobs/546348
"Senior .Net Software Developer, Team Lead",Geotab,No office location,https://stackoverflow.com/jobs/529109
Senior Frontend Developer (m/w/d) - Experience Design & Mobile,Deloitte Deutschland,"Düsseldorf, Deutschland",https://stackoverflow.com/jobs/533735
Senior Developer,EVS llc,"Westminster, CO",https://stackoverflow.com/jobs/529103
Frontend Developer (LATAM REMOTE),Arative Technologies,No office location,https://stackoverflow.com/jobs/528678
Senior Front-end Developer,Bloomreach,No office location,https://stackoverflow.com/jobs/529094
"Java Software Engineer (m/w/d) in Bonn, Berlin, Köln oder Freiburg",tarent solutions GmbH,"Bonn, Deutschland",https://stackoverflow.com/jobs/494511
Laravel Jedi,Creative Force Ltd,No office location,https://stackoverflow.com/jobs/527987
Full Stack Developer,Enovational,"Washington, DC",https://stackoverflow.com/jobs/173771
Solution Architect,Enovational,"Washington, DC",https://stackoverflow.com/jobs/420637
Senior Software Engineer,Enovational,"Washington, DC",https://stackoverflow.com/jobs/420640
Sr. Full Stack Engineer- Python,AutoTrader,"Toronto, ON, Canada",https://stackoverflow.com/jobs/529021
DevOps Engineering,MUFG,"Tempe, AZ",https://stackoverflow.com/jobs/540212
Sr SWE I (React),Flashpoint,No office location,https://stackoverflow.com/jobs/533446
Full Stack Developer:in lexoffice (m/w/d),Haufe Group,"Freiburg im Breisgau, Germany",https://stackoverflow.com/jobs/455781
Data Engineer/ Working Student (m/f/d),Motius GmbH,"München, Deutschland",https://stackoverflow.com/jobs/540208
Full Stack Developer,Rakettitiede,"Helsinki, Finland",https://stackoverflow.com/jobs/522743
Fullstack Engineer – Node.js & Vue.js,SpotMe,No office location,https://stackoverflow.com/jobs/522023
Senior Backend Engineer - Elixir,Remote,No office location,https://stackoverflow.com/jobs/533358
Fullstack Entwickler (m/w/d) in Hamburg,Computer FuturesviaComputer Futures Solutions GmbH,"Hamburg, Germany",https://stackoverflow.com/jobs/522732
Frontend Developer to build the leading Platform for ML,Hugging Face,"Paris, France",https://stackoverflow.com/jobs/448344
Clean Code Evangelist - Java Developer (m/f/d),ProSiebenSat.1 Media SE,"München, Deutschland",https://stackoverflow.com/jobs/533344
Web-Engineer Ruby on Rails 80-100% (m/w/d),Stier & Partner,"Zürich, Schweiz",https://stackoverflow.com/jobs/540167
Senior UI Software Engineer,VIZIO,"Denver, CO",https://stackoverflow.com/jobs/522671
Senior Software Engineer - Frontend,VIZIO,"Denver, CO",https://stackoverflow.com/jobs/522670
Fullstack Developer (m/w/d),best it GmbH & Co. KG,"Amstetten, Österreich",https://stackoverflow.com/jobs/512061
Fullstack Developer (m/w/d) remote,best it GmbH & Co. KG,No office location,https://stackoverflow.com/jobs/512059
"full-stack web developer (node.js, typescript)",code d'azur,"Amsterdam, Netherlands",https://stackoverflow.com/jobs/522428
Senior Frontend Developer,Centogene GmbH,"Beograd, Serbia",https://stackoverflow.com/jobs/525830
Senior Front-end Developer (Remote),SORAMITSU,"Innopolis, Russia",https://stackoverflow.com/jobs/522571
Backend Java Developer,Tradeshift,"București, Romania",https://stackoverflow.com/jobs/533090
"Software Engineer, Backend [US App]",Mercari,"Tokyo, Japan",https://stackoverflow.com/jobs/471997
Remote Experienced Frontend Engineer - React,"Theorem, LLC",No office location,https://stackoverflow.com/jobs/545691
Senior Frontend Developer (m/f/d) Vue,Laserhub GmbH,"Stuttgart, Deutschland",https://stackoverflow.com/jobs/539731
"Javascript Developer - React, Angular or Node.js",Arcanys,"Manila, Philippines",https://stackoverflow.com/jobs/243364
Web Developer (m/f/d),Ravensburger AG,"Malmö, Schweden",https://stackoverflow.com/jobs/499585
Web Developer Trainer / Coach (Antwerpen),BeCode VZW,"Antwerpen, Belgium",https://stackoverflow.com/jobs/215193
Full Stack Web Developer (remote/onsite),BeamNG GmbH,No office location,https://stackoverflow.com/jobs/532816
Senior Software Engineer - Front End,Keap,No office location,https://stackoverflow.com/jobs/492300
Senior Software Engineer - Order Management Systems R10501,"Chewy, Inc.","Minneapolis, MN",https://stackoverflow.com/jobs/545544
Senior Software Engineer - Order Management Systems R10501,"Chewy, Inc.","Boston, MA",https://stackoverflow.com/jobs/545543
Senior Software Engineer - Order Management Systems R10501,"Chewy, Inc.","Dania Beach, FL",https://stackoverflow.com/jobs/545542
Staff Frontend Software Engineer (US Only),"Pie Insurance Holdings, Inc.",No office location,https://stackoverflow.com/jobs/545528
Web Solution Architect,ti&m AG,"Zürich, Schweiz",https://stackoverflow.com/jobs/522338
Experienced Vuejs UX/UI frontend developer (m/f/d),metoda GmbH,"München, Deutschland",https://stackoverflow.com/jobs/539496
Information Security Developer,Computer FuturesviaComputer Futures US,"Alpharetta, GA",https://stackoverflow.com/jobs/525586
"(Senior) Frontend Engineer (m/w/d), Köln oder Gütersloh",Schüttflix GmbH,"Cologne, Germany",https://stackoverflow.com/jobs/525579
Frontend Developer / Headless Expert,Magnolia International Ltd.,No office location,https://stackoverflow.com/jobs/525573
Fullstack (Java) Engineer,RevegyviaTechCXO,No office location,https://stackoverflow.com/jobs/545507
Senior Software Engineer .NET (m/w/d),ti&m AG,"Frankfurt am Main, Deutschland",https://stackoverflow.com/jobs/522249
Senior React Developer (m/w/d),reppa.net GmbH,"München, Deutschland",https://stackoverflow.com/jobs/365543
Junior Front-End Developer (f/m/d),centum-amm Deutschland GmbH,"München, Deutschland",https://stackoverflow.com/jobs/539441
Full-Stack Web Developer Java,WPS Management GmbH,"Paderborn, Deutschland",https://stackoverflow.com/jobs/125395
Softwareentwickler /-developer (Informatiker / Fachinformatiker) – auch Quereins,ENKO Software GmbH & Co. KG,"Föhren, Deutschland",https://stackoverflow.com/jobs/545479
Senior Java Full Stack Developer,Seghorn AG,"Bremen, Deutschland",https://stackoverflow.com/jobs/539438
Senior Front End Developer | Angular,Soul Machines Limited,"Auckland, New Zealand",https://stackoverflow.com/jobs/539335
"Frontend Engineer, Web",Aaqua,Singapore,https://stackoverflow.com/jobs/493601
Full-Stack Software Engineer,Captivation Software,"Fort Meade, MD",https://stackoverflow.com/jobs/525427
Senior Backend Engineer - Location Flexible,"Volusion, LLC",No office location,https://stackoverflow.com/jobs/443231
.Net Software Developer,Geotab,No office location,https://stackoverflow.com/jobs/528786
Frontend Developer (m/f/d),WPS Management GmbH,"Paderborn, Deutschland",https://stackoverflow.com/jobs/293572
Senior Front-End Engineer (Canada),Fullscript,No office location,https://stackoverflow.com/jobs/545358
Senior Python/Django Full-stack Developer,Apicbase Belgium,No office location,https://stackoverflow.com/jobs/545356
Frontend Engineer (f/m/d),VoiceLine,"Munich, Germany",https://stackoverflow.com/jobs/522164
Full Stack Java Entwickler (m/w/d) EGP-Querschnitts­anwendungen,Atruvia AG,"Karlsruhe, Deutschland",https://stackoverflow.com/jobs/539167
(Senior) Fullstack Entwickler (m/w/d),BoschviaComputer Futures Solutions GmbH,"Stuttgart, Deutschland",https://stackoverflow.com/jobs/525341
Full Stack Java Entwickler (m/w/d) EGP-Framework,Atruvia AG,"Karlsruhe, Deutschland",https://stackoverflow.com/jobs/539162
Web Systems Engineer - HPC Products,DUG Technology,"West Perth, Australia",https://stackoverflow.com/jobs/528138
Front End Software Engineer – HPC Products,DUG Technology,"West Perth, Australia",https://stackoverflow.com/jobs/528137
Healthcare C# Server-Side Developer,In Touch Technologies,"Valparaiso, IN",https://stackoverflow.com/jobs/528689
Sr Software Engineer - Full Stack,Capital One Financial Corporation,"Plano, TX",https://stackoverflow.com/jobs/545274
"Software Engineer, Frontend (Remote)",Brex,No office location,https://stackoverflow.com/jobs/525275
Senior PHP/WordPress Developer,The Motley Fool Inc,No office location,https://stackoverflow.com/jobs/545263
Frontend Software Engineer - Porto,eDreams ODIGEO,"Porto, Portugal",https://stackoverflow.com/jobs/545253
Full Stack Technical Lead,SSENSE,"Dallas, TX",https://stackoverflow.com/jobs/520072
Full Stack Developer,Clarity Innovations LLC,"Boston, MA",https://stackoverflow.com/jobs/545248
"Associate Software Engineer, IoT and Android",Security and Safety Things GmbH (A Bosch IoT Start-Up),"Pittsburgh, PA",https://stackoverflow.com/jobs/545186
Join the Crew – Passionate Senior Software Engineer (all genders),Spaceteams GmbH,"Hamburg, Deutschland",https://stackoverflow.com/jobs/521940
Frontend Engineer at Bosch IoT Start-up,Security and Safety Things GmbH (A Bosch IoT Start-Up),"Eindhoven, Netherlands",https://stackoverflow.com/jobs/522738
React Developer,"Jogg, Inc","Glendale, CA",https://stackoverflow.com/jobs/531585
Software Engineer – React,LifeOmic,"Indianapolis, IN",https://stackoverflow.com/jobs/519007
"Senior Software Engineer – AWS, NodeJS, Serverless",LifeOmic,"Indianapolis, IN",https://stackoverflow.com/jobs/519002
Software Entwickler Frontend (m/w/d),eLearning Manufaktur GmbH,"Düsseldorf, Germany",https://stackoverflow.com/jobs/545014
"Développeur .Net (possibilité de télétravail à 100%, partout au Québec)",Grics,"Montréal, QC, Canada",https://stackoverflow.com/jobs/521899
"Développeur C# C++ (possibilité de télétravail à 100%, partout au Québec)",Grics,"Montréal, QC, Canada",https://stackoverflow.com/jobs/521898
Applikations-Entwickler*in Schwerpunkt SharePoint (w/m/d),HENSOLDT,"Oberkochen, Deutschland",https://stackoverflow.com/jobs/529093
